price_today,price_next_day,prediction,capital,profit
26256.826171875,26298.48046875,1,8112.849984323274,14.277760359192307
26298.48046875,26217.25,0,6591.706184440877,22.552996821139146
26217.25,26352.716796875,0,5311.693477746181,-30.653924056588707
26352.716796875,27021.546875,0,4216.422282634919,-95.61048259943128
27021.546875,26911.720703125,0,3429.1831768936286,15.423475510382607
26911.720703125,26967.916015625,0,2771.838288699112,-6.444538427474576
26967.916015625,27983.75,0,2200.285233569355,-49.89308919658402
27983.75,27530.78515625,0,1811.079496034654,32.05384093719597
27530.78515625,27429.978515625,1,1461.6029227406104,-5.968298941621811
27429.978515625,27799.39453125,0,1167.9540961712653,-17.71585694292147
27799.39453125,27415.912109375,0,959.0931305808025,14.500347424530748
27415.912109375,27946.59765625,0,761.8277723512874,-16.70851491018071
27946.59765625,27968.83984375,0,616.5893724898563,-0.5456923496517154
27968.83984375,27935.08984375,1,498.83472059904653,-0.6696345752633928
27935.08984375,27583.677734375,1,398.9732613953869,-5.647624766489784
27583.677734375,27391.01953125,0,325.4255110832481,2.5079659477608103
27391.01953125,26873.3203125,0,268.57668925225136,5.535583638689255
26873.3203125,26756.798828125,1,216.60384396683503,-1.0480825860984084
26756.798828125,26862.375,1,176.14139544748895,0.7692020381695146
26862.375,26861.70703125,1,142.670982520148,-0.003941991464503172
26861.70703125,27159.65234375,0,114.28168594584385,-1.4242332171955971
27159.65234375,28519.466796875,0,90.71680230381085,-2.0570703470251894
28519.466796875,28415.748046875,1,73.21337776603283,-0.296924555615515
28415.748046875,28328.341796875,1,59.12042170036329,-0.20268254458145296
28328.341796875,28719.806640625,0,47.225791266755614,-0.7352781228207252
28719.806640625,29682.94921875,0,37.48783310755061,-0.8500642428016011
29682.94921875,29918.412109375,0,30.12427034335014,-0.2676383041842783
29918.412109375,29993.896484375,1,24.462222021159402,0.06840338116198544
29993.896484375,33086.234375,0,19.418111840396335,-0.4403199963808692
33086.234375,33901.52734375,1,16.11624792560473,0.43064148320410456
33901.52734375,34502.8203125,0,12.822626262778686,-0.25726061884571655
34502.8203125,34156.6484375,1,10.282119722457999,-0.11578616710304053
34156.6484375,33909.80078125,1,8.268327378453288,-0.06687732970854635
33909.80078125,34089.57421875,1,6.732851276163581,0.03945122179601923
34089.57421875,34538.48046875,1,5.5254250215899,0.07979498655266633
34538.48046875,34502.36328125,0,4.480274435090416,0.005200186225108091
34502.36328125,34667.78125,1,3.646421259887224,0.019332186071096404
34667.78125,35437.25390625,0,2.8945291960984783,-0.06563558267797003
35437.25390625,34938.2421875,0,2.3775838264345124,0.03668353066082724
34938.2421875,34732.32421875,0,1.9371933747979322,0.012611639317752171
34732.32421875,35082.1953125,0,1.5533202611688774,-0.01756263601938641
35082.1953125,35049.35546875,1,1.2570116419313193,-0.0013086329060795036
35049.35546875,35037.37109375,0,1.0185275745719595,0.00038682734176758105
35037.37109375,35443.5625,0,0.8154429508826174,-0.010627093911855354
35443.5625,35655.27734375,1,0.6644542038655895,0.0043837929451882
35655.27734375,36693.125,0,0.5274437470285049,-0.011960175669580611
36693.125,37313.96875,0,0.4200007587513063,-0.008031862601980768
37313.96875,37138.05078125,1,0.33859672727528706,-0.0017820970147457106
37138.05078125,37054.51953125,1,0.27364647341165327,-0.0006854174236991462
37054.51953125,36502.35546875,1,0.21835069478697658,-0.003669942973847315
36502.35546875,35537.640625,0,0.1815383744621699,0.005193679649687603
35537.640625,37880.58203125,1,0.1543983874800755,0.008169226850797646
37880.58203125,36154.76953125,0,0.13076046165364427,0.00633085310531456
36154.76953125,36596.68359375,1,0.10721056823320808,0.001438438104173572
36596.68359375,36585.703125,0,0.0868666159101378,2.8950712488056644e-05
36585.703125,37386.546875,1,0.07190214891226203,0.0017113222500560043
37386.546875,37476.95703125,0,0.05809989973097652,-0.0001564898755063626
37476.95703125,35813.8125,1,0.04611970040644916,-0.0010457981951575773
35813.8125,37432.33984375,1,0.03904522374645183,0.001875851574697789
37432.33984375,37289.62109375,1,0.031506047982407234,-0.00013398139135416384
37289.62109375,37720.28125,0,0.02522516796447905,-0.0003274787791897915
37720.28125,37796.79296875,1,0.020473831049068365,4.604999760036937e-05
37796.79296875,37479.12109375,1,0.016444420746440255,-0.00015486933700569134
37479.12109375,37254.16796875,1,0.013240033057190957,-8.883083047294574e-05
37254.16796875,37831.0859375,0,0.01055834832526397,-0.0001845316122896726
37831.0859375,37858.4921875,0,0.008546066565711791,-6.883975280027318e-06
37858.4921875,37712.74609375,0,0.0069489631626892204,2.961027162518909e-05
37712.74609375,38688.75,0,0.0055160869585427035,-0.00012508133692840597
38688.75,39476.33203125,0,0.004378669827691198,-9.928956525376867e-05
39476.33203125,39978.390625,0,0.0035016154684208854,-5.0118991121094006e-05
39978.390625,41980.09765625,0,0.002779582358832499,-6.302907843157594e-05
41980.09765625,44080.6484375,1,0.00236403479618704,0.00012508120614746244
44080.6484375,43746.4453125,0,0.0019293860051805914,1.613091141009834e-05
43746.4453125,43292.6640625,1,0.0015465917345676794,-1.801214403177732e-05
43292.6640625,44166.6015625,0,0.001227684518899824,-2.783865122221823e-05
44166.6015625,43725.984375,0,0.0010043450902278805,1.1022922132247494e-05
43725.984375,43779.69921875,1,0.0008145188847843749,1.1104018886573832e-06
43779.69921875,41243.83203125,1,0.0006465650907418368,-1.4661339926118748e-05
41243.83203125,41450.22265625,0,0.0005210969576080622,-2.9119621031394865e-06
41450.22265625,42890.7421875,1,0.0004367573779648022,1.629871366919095e-05
42890.7421875,43023.97265625,0,0.00035267455821127476,-1.2210199335722176e-06
43023.97265625,41929.7578125,1,0.00027995306430810994,-6.348142047802946e-06
41929.7578125,42240.1171875,1,0.0002284404489042307,1.8649631274017946e-06
42240.1171875,41364.6640625,1,0.00018133602834017836,-4.111928080276153e-06
41364.6640625,42623.5390625,1,0.00015135233428540364,4.966834810954603e-06
42623.5390625,42270.52734375,1,0.00012158004548172312,-1.1281614327264874e-06
42270.52734375,43652.25,0,9.651024010339182e-05,-2.1884408186710162e-06
43652.25,43869.15234375,0,7.778486156695194e-05,-4.315921297727113e-07
43869.15234375,43997.90234375,1,6.319065114695069e-05,2.0545919746622767e-07
43997.90234375,43739.54296875,0,5.148498668244582e-05,3.339547260175123e-07
43739.54296875,43016.1171875,0,4.239257913666198e-05,7.663776932009578e-07
43016.1171875,43613.140625,1,3.481456824428502e-05,5.295323817653583e-07
43613.140625,42520.40234375,1,2.7635804272313454e-05,-6.266622283971305e-07
42520.40234375,43442.85546875,1,2.2870629850999305e-05,5.395871004726729e-07
43442.85546875,42627.85546875,0,1.8872748252790764e-05,3.8615341497925436e-07
42627.85546875,42099.40234375,0,1.547643652980409e-05,2.1056716115952014e-07
42099.40234375,42156.90234375,1,1.2553035329385747e-05,1.9024155827149473e-08
42156.90234375,42265.1875,0,1.0141840972327868e-05,-2.9019604971764436e-08
42265.1875,44167.33203125,0,8.050593363833863e-06,-1.8255313750190164e-07
44167.33203125,44957.96875,0,6.40424894798786e-06,-1.2970186301952163e-07
44957.96875,42848.17578125,0,5.430878533894458e-06,2.70485428915879e-07
42848.17578125,44179.921875,1,4.535735438485181e-06,1.5191536225629977e-07
44179.921875,44162.69140625,1,3.672512841465331e-06,-1.5920707862948844e-09
44162.69140625,43989.1953125,1,2.963048954142682e-06,-1.2984941604707028e-08
43989.1953125,43943.09765625,1,2.397554544655765e-06,-2.7945646664525406e-09
43943.09765625,46970.50390625,1,2.039120140229728e-06,1.0788995450950942e-07
46970.50390625,46139.73046875,1,1.622473704340545e-06,-3.245956582837186e-08
46139.73046875,46627.77734375,1,1.3281048005576938e-06,1.544566671316917e-08
46627.77734375,46368.5859375,1,1.0697849977059948e-06,-6.644323050818956e-09
46368.5859375,42853.16796875,0,9.098521405489486e-07,4.8140324896769766e-08
42853.16796875,42842.3828125,1,7.367947528790178e-07,-2.0608996181183024e-10
42842.3828125,41796.26953125,1,5.848676748353644e-07,-1.326230555182232e-08
41796.26953125,42511.96875,1,4.818549607755264e-07,9.013493509868092e-09
42511.96875,43154.9453125,1,3.96205688062094e-07,6.559077593241745e-09
43154.9453125,42742.65234375,0,3.239926703904838e-07,3.4067367335418044e-09
42742.65234375,41262.05859375,0,2.715247069558425e-07,1.0100715488389523e-08
41262.05859375,41618.40625,1,2.2183441680723203e-07,2.1104490811106694e-09
41618.40625,41665.5859375,0,1.7948218111709493e-07,-2.26329440847797e-10
41665.5859375,41545.78515625,0,1.457985784783027e-07,4.6445752606197283e-10
41545.78515625,39507.3671875,0,1.2389119659255508e-07,6.438164472366526e-09
39507.3671875,39845.55078125,1,1.0121088258849365e-07,9.54459276137818e-10
39845.55078125,40077.07421875,0,8.150446359266269e-08,-5.292792266857367e-10
40077.07421875,39933.80859375,0,6.625461572706509e-08,2.6222246334256205e-10
39933.80859375,41816.87109375,1,5.619684839635293e-08,2.8117885082557727e-09
41816.87109375,42120.0546875,0,4.5189418931905744e-08,-3.666980768223725e-10
42120.0546875,42035.59375,0,3.667682809893057e-08,8.155418231879775e-11
42035.59375,43288.24609375,0,2.9114066144931092e-08,-6.601829057807503e-10
43288.24609375,42952.609375,0,2.3765240375655445e-08,2.0316310917917715e-10
42952.609375,42582.60546875,0,1.9415667406066182e-08,1.8424744642807767e-10
42582.60546875,43075.7734375,0,1.5544552846363034e-08,-2.0237528061174987e-10
43075.7734375,43185.859375,0,1.2558909585765842e-08,-3.5753577542461307e-11
43185.859375,42992.25,0,1.0218322742059406e-08,5.0673308432303724e-11
42992.25,42583.58203125,0,8.355517926047826e-09,8.741833886634017e-11
42583.58203125,42658.66796875,0,6.756035828470469e-09,-1.325965736474345e-11
42658.66796875,43084.671875,0,5.417739890872594e-09,-6.07212557649849e-11
43084.671875,44318.22265625,0,4.300601925374666e-09,-9.75193180357067e-11
44318.22265625,45301.56640625,0,3.4138178083624095e-09,-7.741083465674399e-11
45301.56640625,47147.19921875,0,2.709888576278081e-09,-6.144872055052338e-11
47147.19921875,47771.27734375,0,2.16595483811984e-09,-3.228323185045061e-11
47771.27734375,48293.91796875,1,1.7736176502885214e-09,2.1326923790501227e-11
48293.91796875,49958.22265625,1,1.4861394406926907e-09,5.5010159954431474e-11
49958.22265625,49742.44140625,0,1.208972323908469e-09,5.777085497099163e-12
49742.44140625,51826.6953125,1,1.0202997920063299e-09,4.559134404496648e-11
51826.6953125,51938.5546875,0,8.2465909096343e-10,-1.98193395744139e-12
51938.5546875,52160.203125,0,6.651232767884941e-10,-3.1673187687601295e-12
52160.203125,51662.99609375,1,5.336143255859839e-10,-5.706142902996053e-12
51662.99609375,52122.546875,1,4.3607233879593543e-10,4.271927856987126e-12
52122.546875,51779.14453125,0,3.555457273154396e-10,2.5857032119242823e-12
51779.14453125,52284.875,1,2.9080487719499776e-10,3.1253756327685035e-12
52284.875,51839.1796875,0,2.375598811235657e-10,2.231033995130595e-12
51839.1796875,51304.97265625,0,1.944064438198538e-10,2.203266788628438e-12
51304.97265625,50731.94921875,0,1.5922798767547244e-10,1.9541868682120674e-12
50731.94921875,51571.1015625,0,1.2684131227519796e-10,-2.370397491038586e-12
51571.1015625,51733.23828125,0,1.024184494105942e-10,-3.5890392479572553e-13
51733.23828125,54522.40234375,0,8.129976514212968e-11,-1.8435320893906957e-12
54522.40234375,57085.37109375,0,6.453575356982255e-11,-1.4633957725583345e-12
57085.37109375,62504.7890625,1,5.488765841113408e-11,2.9041089106420146e-12
62504.7890625,61198.3828125,0,4.53882364272816e-11,1.03248123806999e-12
61198.3828125,62440.6328125,1,3.751074391771355e-11,8.291915684616197e-13
62440.6328125,62029.84765625,1,3.0183813919968606e-11,-2.220985037548546e-13
62029.84765625,63167.37109375,1,2.489724092558446e-11,4.981685004554285e-13
63167.37109375,68330.4140625,0,1.9763429846728946e-11,-4.481503366605203e-13
68330.4140625,63801.19921875,1,1.5688210612333438e-11,-3.5574173724112104e-13
63801.19921875,66106.8046875,0,1.2453301584070284e-11,-2.8238779102200187e-13
66106.8046875,66925.484375,0,9.962252730332705e-12,-1.3880172529358307e-13
66925.484375,68300.09375,0,7.9080362173381e-12,-1.793205491459887e-13
68300.09375,68498.8828125,0,6.386865947347969e-12,-2.0714876328769587e-14
68498.8828125,69019.7890625,0,5.134020099871044e-12,-4.3712574978679034e-14
69019.7890625,72123.90625,0,4.075385155277635e-12,-9.24123617976788e-14
72123.90625,71481.2890625,0,3.3304741259610183e-12,3.268016687348223e-14
71481.2890625,73083.5,0,2.6437303611878564e-12,-5.994853426729833e-14
73083.5,71396.59375,0,2.1908496778122965e-12,5.4920094722369583e-14
71396.59375,69403.7734375,0,1.8241205108537228e-12,5.503585758418038e-14
69403.7734375,65315.1171875,0,1.5514144944810913e-12,8.208542298841753e-14
65315.1171875,68390.625,0,1.2315128257190902e-12,-2.7925460900659643e-14
68390.625,67548.59375,0,1.0098070071107774e-12,1.3646242531460268e-14
67548.59375,61912.7734375,0,8.588408595477162e-13,4.544131531998498e-14
61912.7734375,67913.671875,0,6.817478743089771e-13,-1.545913547185889e-14
67913.671875,65491.390625,0,5.719116934387717e-13,2.1884350276111364e-14
65491.390625,63778.76171875,0,4.753626246422016e-13,1.3460169951996128e-14
63778.76171875,64062.203125,1,3.8675491213270833e-13,1.9013179694722602e-15
64062.203125,67234.171875,0,3.070060492509439e-13,-6.96158841838875e-15
67234.171875,69958.8125,0,2.437014018953993e-13,-5.526108886516991e-15
69958.8125,69987.8359375,0,1.9731624202901468e-13,-9.099278473196144e-17
69987.8359375,69455.34375,0,1.6104216991664582e-13,1.3511265257154676e-15
69455.34375,70744.953125,0,1.280221408442237e-13,-2.6911297647326736e-15
70744.953125,69892.828125,0,1.0494697868951973e-13,1.3878273396650258e-15
69892.828125,69645.3046875,0,8.530810276710546e-14,3.345000317716397e-16
69645.3046875,71333.6484375,0,6.771757197652833e-14,-1.5355458498078986e-15
71333.6484375,69702.1484375,0,5.6105757485447255e-14,1.3939157605103446e-15
69702.1484375,65446.97265625,0,4.77179467413729e-14,2.524759086845127e-15
65446.97265625,65980.8125,1,3.896681088405916e-14,3.503044706078914e-16
65980.8125,68508.84375,1,3.2772446356527734e-14,1.343699489377575e-15
68508.84375,67837.640625,1,2.62856049888061e-14,-2.889739555348524e-16
67837.640625,68896.109375,1,2.162354820547583e-14,3.6912018282543e-16
68896.109375,69362.5546875,0,1.7396492253339064e-14,-1.3175754788484076e-16
69362.5546875,71631.359375,1,1.4552071491640164e-14,5.121252960394691e-16
71631.359375,69139.015625,1,1.1551434350063963e-14,-2.6193728684952297e-16
69139.015625,70587.8828125,0,9.169528587080774e-15,-2.0792581830115136e-16
70587.8828125,70060.609375,1,7.371837987846055e-15,-6.164463076597023e-17
70060.609375,67195.8671875,0,6.215347599660064e-15,2.7128758833862107e-16
67195.8671875,63821.47265625,1,4.933742924610159e-15,-1.1187625679388115e-16
63821.47265625,65738.7265625,1,4.116385136175195e-15,1.3339263026774124e-16
65738.7265625,63426.2109375,1,3.26758652109587e-15,-7.409493245115351e-17
63426.2109375,63811.86328125,0,2.630651996451155e-15,-1.7881206262777598e-17
63811.86328125,61276.69140625,0,2.2154834654450154e-15,9.406149813286622e-17
61276.69140625,63512.75390625,1,1.8600266568726124e-15,7.276116651349951e-17
63512.75390625,63843.5703125,0,1.498774110891588e-15,-8.719423528031323e-18
63843.5703125,64994.44140625,0,1.1921228276794673e-15,-2.4315780158576753e-17
64994.44140625,64926.64453125,0,9.666267455405473e-16,1.1191723557540016e-18
64926.64453125,66837.6796875,0,7.673083106100864e-16,-1.7399281419729852e-17
66837.6796875,66407.2734375,0,6.255220545088369e-16,4.447025460741093e-18
66407.2734375,64276.8984375,0,5.229271559954159e-16,1.8060324270286555e-17
64276.8984375,64481.70703125,1,4.249206411310946e-16,1.4996053053418957e-18
64481.70703125,63755.3203125,0,3.480629729871158e-16,4.3080596343657435e-18
63755.3203125,63419.140625,0,2.834176209660153e-16,1.6517920516128152e-18
63419.140625,63113.23046875,0,2.306756242579078e-16,1.2303903060393342e-18
63113.23046875,63841.12109375,0,1.8469232926209712e-16,-2.394362652009108e-18
63841.12109375,60636.85546875,0,1.570808260374136e-16,8.31115481679437e-18
60636.85546875,58254.01171875,0,1.322354355291386e-16,5.5555182653706275e-18
58254.01171875,59123.43359375,1,1.0870929462309091e-16,1.7762131605429464e-18
59123.43359375,62889.8359375,0,8.629343807180956e-17,-1.9567673032156365e-18
62889.8359375,63891.47265625,0,6.878443519065355e-17,-1.2369440527913335e-18
63891.47265625,64031.1328125,0,5.559360441441987e-17,-1.3532010001055213e-19
64031.1328125,63161.94921875,0,4.5642085500068944e-17,6.791843604320459e-19
63161.94921875,62334.81640625,0,3.7454228428753684e-17,5.37932415219819e-19
62334.81640625,61187.94140625,0,3.0896101176216866e-17,6.20195721029315e-19
61187.94140625,63049.9609375,0,2.4525325113680947e-17,-5.561298211719036e-19
63049.9609375,60792.77734375,0,2.057669714188784e-17,7.902042220069685e-19
60792.77734375,60793.7109375,0,1.6666868728150794e-17,-2.84396420397396e-22
60793.7109375,61448.39453125,0,1.3354781268707306e-17,-1.6153600121648649e-19
61448.39453125,62901.44921875,0,1.0601025371099858e-17,-2.403860628367315e-19
62901.44921875,61552.7890625,0,8.770939444358633e-18,2.0456543751971892e-19
61552.7890625,66267.4921875,0,6.962371730931883e-18,-1.5787690999845539e-19
66267.4921875,65231.58203125,1,5.551362685414053e-18,-9.795379626752542e-20
65231.58203125,67051.875,0,4.406671699681675e-18,-9.992452833745296e-20
67051.875,66940.8046875,1,3.563491418427344e-18,-6.5696203497917825e-21
66940.8046875,66278.3671875,0,2.9149917656246063e-18,3.1737462998285944e-20
66278.3671875,71448.1953125,0,2.3139204635528124e-18,-5.246985178124291e-20
71448.1953125,70136.53125,0,1.908684001118525e-18,3.823158404527418e-20
70136.53125,69122.3359375,0,1.568390157601644e-18,2.4840129661820672e-20
69122.3359375,67929.5625,0,1.2923179522616347e-18,2.435769400478114e-20
67929.5625,68526.1015625,0,1.0375850238156778e-18,-1.021390835138483e-20
68526.1015625,69265.9453125,0,8.313699962738103e-19,-1.0082081129876288e-20
69265.9453125,68518.09375,1,6.661390174029775e-19,-8.078532865343104e-21
68518.09375,69394.5546875,1,5.464746395231586e-19,7.668928251940872e-21
69394.5546875,68296.21875,1,4.356385435301067e-19,-7.784349426279741e-21
68296.21875,67578.09375,1,3.491568717629879e-19,-4.1226094404428816e-21
67578.09375,68364.9921875,1,2.861102680383578e-19,3.659113233708442e-21
68364.9921875,67491.4140625,1,2.2878798957435825e-19,-3.2903639296795823e-21
67491.4140625,67706.9375,1,1.8591005691744167e-19,6.575392913460913e-22
67706.9375,67751.6015625,1,1.506864835411155e-19,1.1037493109750022e-22
67751.6015625,68804.78125,1,1.239533788367975e-19,2.108141298326601e-21
68804.78125,70567.765625,0,9.839419212064984e-20,-2.2311608190623547e-21
70567.765625,71082.8203125,0,7.91175924075596e-20,-6.46336900185291e-22
71082.8203125,70757.1640625,0,6.437884768508192e-20,3.2621981662071375e-22
70757.1640625,69342.5859375,0,5.318938744654993e-20,1.1583564684817514e-21
69342.5859375,69305.7734375,0,4.310627589195691e-20,2.5413400279401822e-23
69305.7734375,69647.9921875,1,3.5088492463081316e-20,1.9156554510690819e-22
69647.9921875,69512.28125,1,2.836629850914312e-20,-6.153376216971517e-23
69512.28125,67332.03125,1,2.2517167756557813e-20,-5.105933731645762e-22
67332.03125,68241.1875,1,1.848517819880586e-20,2.736359066600373e-22
68241.1875,66756.3984375,1,1.4673534454212095e-20,-3.3273320757850555e-22
66756.3984375,66011.09375,1,1.1752866028568669e-20,-1.4744097704792128e-22
66011.09375,66191.0,1,9.545766749101334e-21,2.88280732896804e-23
66191.0,66639.046875,0,7.679732678188358e-21,-5.81537650930245e-23
66639.046875,66490.296875,0,6.234468898888592e-21,1.542825506224599e-23
66490.296875,65140.74609375,1,4.948921411937765e-21,-1.1222044017999466e-22
65140.74609375,64960.296875,1,3.997521873190624e-21,-1.2338300532184098e-23
64960.296875,64828.65625,0,3.24455443891368e-21,7.290801810304783e-24
64828.65625,64096.19921875,1,2.5983960176728114e-21,-3.2992308719188534e-23
64096.19921875,64252.578125,1,2.1098357247345433e-21,5.70550046618441e-24
64252.578125,63180.796875,0,1.7374737887977324e-21,3.167427973639121e-23
63180.796875,60277.4140625,0,1.4720266908567212e-21,7.185880214506446e-23
60277.4140625,61804.640625,1,1.222551538538543e-21,3.356657660510973e-23
61804.640625,60811.27734375,1,9.743505526361507e-22,-1.7684659533410153e-23
60811.27734375,61604.80078125,0,7.789254022463283e-22,-1.1442828209948699e-23
61604.80078125,60320.13671875,1,6.183109843031354e-22,-1.402065724043391e-23
60320.13671875,60887.37890625,0,4.961221436868262e-22,-5.233059554126142e-24
60887.37890625,62678.29296875,1,4.136790349559146e-22,1.3133442855094889e-23
62678.29296875,62851.98046875,0,3.341514797736835e-22,-1.0317094895637282e-24
62851.98046875,62029.015625,0,2.74206674221188e-22,3.937750671671474e-24
62029.015625,60173.921875,0,2.2874994359567688e-22,7.38059719612729e-24
60173.921875,56977.703125,1,1.8158170522624832e-22,-4.117498984722184e-24
56977.703125,56662.375,1,1.462671990866077e-22,-9.044246073927016e-25
56662.375,58303.5390625,1,1.219079722295771e-22,3.8128232993609265e-24
58303.5390625,55849.109375,1,9.677054835583832e-23,-2.194343500132388e-24
55849.109375,56705.09765625,0,7.718276585450701e-23,-1.334864793024475e-24
56705.09765625,58009.2265625,1,6.395585787429835e-23,1.59757503571964e-24
58009.2265625,57742.49609375,0,5.204244440847036e-23,2.6466614476520128e-25
57742.49609375,57344.9140625,0,4.2444631088299494e-23,3.225012415983347e-25
57344.9140625,57899.46484375,0,3.4047679854136397e-23,-3.694125859846574e-25
57899.46484375,59231.953125,0,2.7027048268213474e-23,-6.128582373744552e-25
59231.953125,60787.79296875,0,2.145407091530786e-23,-4.864868688278425e-25
60787.79296875,64870.15234375,0,1.703024149257138e-23,-3.8617327647554148e-25
64870.15234375,65097.1484375,0,1.3746225387542645e-23,-5.363357937797098e-26
65097.1484375,64118.79296875,0,1.1301783884310736e-23,1.859348004457694e-25
64118.79296875,63974.06640625,0,9.175108020054141e-24,2.2958970847162383e-26
63974.06640625,66710.15625,0,7.283200746318977e-24,-1.6515194436097455e-25
66710.15625,67163.6484375,0,5.859288839101927e-24,-4.455973935160499e-26
67163.6484375,68154.5234375,0,4.676005183140242e-24,-7.779864059146556e-26
68154.5234375,67585.25,0,3.819200538562749e-24,3.515148913239229e-26
67585.25,65927.671875,0,3.169424092356726e-24,8.430184013433182e-26
65927.671875,65372.1328125,0,2.588866289931656e-24,2.4036416803008667e-26
65372.1328125,65777.2265625,0,2.083987256053996e-24,-1.4438265322939306e-26
65777.2265625,67912.0625,1,1.742815605713802e-24,6.087325367785002e-26
67912.0625,67813.3359375,0,1.413732858921462e-24,2.280242548091234e-27
67813.3359375,68255.8671875,0,1.1376508527651438e-24,-8.303069956934006e-27
68255.8671875,66819.9140625,0,9.408834622098302e-25,2.154030163340412e-26
66819.9140625,66201.015625,1,7.5505674830837375e-25,-7.843173423987503e-27
66201.015625,64619.25,0,6.262090572807202e-25,1.6236767945485976e-26
64619.25,65357.5,1,5.130242358676708e-25,6.4387771892082084e-27
65357.5,61415.06640625,1,4.0723863843175706e-25,-9.234436245618075e-27
61415.06640625,60680.09375,1,3.259157233847546e-25,-4.3861930499651125e-27
60680.09375,58116.9765625,1,2.5871190122281824e-25,-5.8664830209255835e-27
58116.9765625,53991.45703125,1,2.0536550719067312e-25,-4.656814222010729e-27
53991.45703125,56034.31640625,1,1.7264004932808668e-25,6.993320559601598e-27
56034.31640625,55027.4609375,1,1.3732574582399471e-25,-2.791882368617228e-27
55027.4609375,61710.13671875,0,1.0900917703508698e-25,-2.4718634248319047e-27
61710.13671875,60880.11328125,0,8.948506549727329e-26,1.3195912209475908e-27
60880.11328125,60945.8125,0,7.240468259874423e-26,-8.691161560792767e-29
60945.8125,58719.484375,0,6.079017521900217e-26,2.3804247933548207e-27
58719.484375,59354.515625,0,4.870752762301689e-26,-5.916825604165189e-28
59354.515625,60609.56640625,1,4.028733281842386e-26,9.26928270866855e-28
60609.56640625,58737.26953125,0,3.3640801180564054e-26,1.1200684418230307e-27
58737.26953125,57560.09765625,0,2.779515561575589e-26,6.0678517722111825e-28
57560.09765625,58894.10546875,1,2.3035860315349713e-26,5.7976029620826995e-28
58894.10546875,59478.97265625,0,1.8473747084447554e-26,-2.0588863442857327e-28
59478.97265625,58483.96484375,0,1.5214059458106899e-26,2.7813813300486805e-28
58483.96484375,59493.453125,0,1.2110674882014319e-26,-2.3634808783585494e-28
59493.453125,59012.79296875,0,9.888900858818923e-27,8.806022709702578e-29
59012.79296875,61175.19140625,0,7.849809501730461e-27,-1.780002154587406e-28
61175.19140625,60381.9140625,0,6.440796302092307e-27,9.161178410070414e-29
60381.9140625,64094.35546875,0,5.112704104600874e-27,-1.1593433343766155e-28
64094.35546875,64178.9921875,0,4.135821742947351e-27,-6.076201977062529e-30
64178.9921875,64333.54296875,0,3.3419483687167744e-27,-8.963603411755816e-30
64333.54296875,62880.66015625,0,2.7681114831250862e-27,6.792589384944332e-29
62880.66015625,59504.1328125,0,2.354278816397886e-27,1.245650167406289e-28
59504.1328125,59027.625,0,1.9222367826201766e-27,1.6967712597654473e-29
59027.625,59388.1796875,1,1.5665223900337655e-27,1.0567329012691276e-29
59388.1796875,59119.4765625,0,1.2746242255798293e-27,6.378988502754612e-30
59119.4765625,58969.8984375,1,1.0298334331437341e-27,-2.9024328621418877e-30
58969.8984375,57325.48828125,0,8.574262626913755e-28,2.5845757605500803e-29
57325.48828125,59112.48046875,1,7.161652125148189e-28,2.4055488594227465e-29
59112.48046875,57431.0234375,0,5.9659461567979165e-28,1.8334215047542587e-29
57431.0234375,57971.5390625,1,4.877896972364946e-28,5.053398373181614e-30
57971.5390625,56160.48828125,0,4.074530160127409e-28,1.3714845834644674e-29
56160.48828125,53948.75390625,0,3.4303458729513057e-28,1.4441827027567143e-29
53948.75390625,54139.6875,1,2.7884140134172055e-28,1.0926507029608624e-30
54139.6875,54841.56640625,1,2.28789654079181e-28,3.2534655470970296e-30
54841.56640625,57019.53515625,0,1.8161322740805387e-28,-4.118213773425258e-30
57019.53515625,57648.7109375,0,1.4548348136320561e-28,-1.8035920414644796e-30
57648.7109375,57343.171875,0,1.1846618231822946e-28,6.939582378143277e-31
57343.171875,58127.01171875,0,9.464593631831049e-29,-1.4574126216170701e-30
58127.01171875,60571.30078125,0,7.512994424947487e-29,-1.703626853729589e-30
60571.30078125,60005.12109375,0,6.14240887407167e-29,6.320376651578333e-31
60005.12109375,59182.8359375,0,5.043531325867114e-29,7.575570874340159e-31
59182.8359375,58192.5078125,1,4.016900212054316e-29,-7.5955735442274215e-31
58192.5078125,60308.5390625,0,3.188615388328716e-29,-7.230420381697769e-31
60308.5390625,61649.6796875,0,2.531122895255335e-29,-5.739507698991689e-31
61649.6796875,62940.45703125,0,2.009205354253685e-29,-4.556021211459603e-31
62940.45703125,63192.9765625,0,1.6209269196085363e-29,-7.254908152165177e-32
63192.9765625,63394.83984375,0,1.3087567223754803e-29,-4.660091674927118e-32
63394.83984375,63648.7109375,0,1.0558476949410225e-29,-4.716944647907276e-32
63648.7109375,63329.80078125,0,8.595217730757253e-30,4.761266859441013e-32
63329.80078125,64301.96875,0,6.855251617954823e-30,-1.1874971550950141e-31
64301.96875,63143.14453125,0,5.6528233064157875e-30,1.1118832874708918e-31
63143.14453125,65181.01953125,0,4.4872111406328524e-30,-1.0175081951548418e-31
65181.01953125,65790.6640625,0,3.600645866438541e-30,-3.777239719341021e-32
65790.6640625,65887.6484375,0,2.912223800545817e-30,-4.777056966000856e-33
65887.6484375,65635.3046875,0,2.3679356575495485e-30,1.0038199008262871e-32
65635.3046875,63329.5,0,1.9854092668190527e-30,7.486820467102031e-32
63329.5,60837.0078125,0,1.6714755450799165e-30,7.032670995164863e-32
60837.0078125,60632.78515625,1,1.3493503251211156e-30,-5.0498515484632416e-33
60632.78515625,60759.40234375,1,1.0952561797597826e-30,2.5360182351988082e-33
60759.40234375,62067.4765625,1,9.062569011934121e-31,2.122155065332013e-32
62067.4765625,62089.94921875,0,7.33802307293297e-31,-2.9531408151871067e-34
62089.94921875,62818.953125,0,5.874011992246015e-31,-7.754077425521227e-33
62818.953125,62236.66015625,1,4.713846453060791e-31,-4.900362295386836e-33
62236.66015625,62131.96875,0,3.8246384389095503e-31,7.13645770034392e-34
62131.96875,60582.1015625,0,3.175234939668385e-31,8.586422683516562e-33
60582.1015625,60274.5,1,2.558881446537704e-31,-1.4509838437431303e-33
60274.5,62445.08984375,1,2.1473352957075884e-31,8.293480445783117e-33
62445.08984375,63193.0234375,0,1.718508694429777e-31,-2.3147661214855134e-33
63193.0234375,62851.375,0,1.3995177451758355e-31,8.3618918752401e-34
62851.375,66046.125,0,1.110937186120578e-31,-2.519131941316504e-33
66046.125,67041.109375,1,9.134154916250752e-32,1.5062634297118836e-33
67041.109375,67612.71875,0,7.335582597772917e-32,-7.009209376687976e-34
67612.71875,67399.8359375,0,5.960530096703694e-32,2.078688056403529e-34
67399.8359375,68418.7890625,0,4.755039057890592e-32,-8.110035604377844e-34
68418.7890625,68362.734375,0,3.8547371912061377e-32,3.506171460842148e-35
68362.734375,69001.703125,0,3.093153449472513e-32,-3.242630600495414e-34
69001.703125,67367.8515625,0,2.5647795024045854e-32,6.591689814649973e-34
67367.8515625,67361.40625,0,2.077670155733286e-32,2.2084309507970808e-36
67361.40625,66432.1953125,0,1.7061276176984657e-32,2.579421283833765e-34
66432.1953125,68161.0546875,0,1.3543241029290423e-32,-3.0710297118572385e-34
68161.0546875,66642.4140625,0,1.1214439379803084e-32,2.715712734198223e-34
66642.4140625,67014.6953125,0,9.03295209264835e-33,-5.638200554683103e-35
67014.6953125,67929.296875,1,7.416547758864684e-33,1.109517375772437e-34
67929.296875,69907.7578125,1,6.182371100400958e-33,1.9440823968951544e-34
69907.7578125,72720.4921875,0,4.907566179498281e-33,-1.1128267980721725e-34
72720.4921875,72339.5390625,0,3.9959526897603226e-33,2.313787151857295e-35
72339.5390625,70215.1875,0,3.3317725297984526e-33,1.056120567695465e-34
70215.1875,69482.46875,1,2.6705735472671328e-33,-3.1291335410682117e-35
69482.46875,69289.2734375,0,2.1691792308430724e-33,6.68295284077189e-36
69289.2734375,68741.1171875,1,1.7431350483489554e-33,-1.5444587371036982e-35
68741.1171875,67811.5078125,0,1.431033523020229e-33,2.1215704286194478e-35
67811.5078125,69359.5625,1,1.1855988525827851e-33,2.940188770711084e-35
69359.5625,75639.078125,1,1.0083518241216586e-33,5.335194836622533e-35
75639.078125,75904.859375,0,8.138950216629882e-34,-3.188839861727904e-36
75904.859375,76545.4765625,0,6.536910278120307e-34,-6.182155261099785e-36
76545.4765625,76778.8671875,0,5.278752943511815e-34,-1.7938201961814717e-36
76778.8671875,80474.1875,0,4.190274086559679e-34,-9.501755298321268e-36
80474.1875,88701.484375,0,3.3262395699110737e-34,-7.542493355807423e-36
88701.484375,87955.8125,0,2.716903384776785e-34,2.5165925720905452e-36
87955.8125,90584.1640625,0,2.1566779068358116e-34,-4.8904260925982126e-36
90584.1640625,87250.4296875,0,1.8111999327636422e-34,7.143425358514974e-36
87250.4296875,91066.0078125,0,1.4377305066277792e-34,-3.260159878974556e-36
91066.0078125,90558.4765625,0,1.1710520735101733e-34,7.211514601857765e-37
